pais,año,GDP (current US$),"Inflation, consumer prices (annual %)"
Argentina,1960,15865474315.4056,
Argentina,1961,20132220374.9093,
Argentina,1962,18337691145.3688,
Argentina,1963,18272123664.4715,
Argentina,1964,25605249381.7597,
Argentina,1965,28344705966.6389,
Argentina,1966,28630474727.9023,
Argentina,1967,24256667553.2569,
Argentina,1968,26436857247.4982,
Argentina,1969,31256284543.6155,
Argentina,1970,31584210365.5447,
Argentina,1971,33293199095.4881,
Argentina,1972,34733000536.2862,
Argentina,1973,52544000116.9037,
Argentina,1974,72436777342.4554,
Argentina,1975,52438647921.9226,
Argentina,1976,51169499892.1722,
Argentina,1977,56781000101.0848,
Argentina,1978,89049453088.3282,
Argentina,1979,69252328951.6441,
Argentina,1980,76961923741.0701,
Argentina,1981,78676842366.5529,
Argentina,1982,84307486836.724,
Argentina,1983,103979106777.911,
Argentina,1984,116915052107.031,
Argentina,1985,88150891728.1064,
Argentina,1986,105872372613.857,
Argentina,1987,108810885301.253,
Argentina,1988,126890235049.092,
Argentina,1989,76629728760.123,
Argentina,1990,141352654305.163,
Argentina,1991,189719984268.485,
Argentina,1992,228778917308.17,
Argentina,1993,236741715015.015,
Argentina,1994,257440000000.0,
Argentina,1995,258031750000.0,
Argentina,1996,272149750000.0,
Argentina,1997,292859000000.0,
Argentina,1998,298948250000.0,
Argentina,1999,283523000000.0,
Argentina,2000,284203750000.0,
Argentina,2001,268696750000.0,
Argentina,2002,97724004251.8602,
Argentina,2003,127586973492.177,
Argentina,2004,164657930452.787,
Argentina,2005,198737095012.282,
Argentina,2006,232557260817.308,
Argentina,2007,287530508430.568,
Argentina,2008,361558037110.419,
Argentina,2009,332976484577.619,
Argentina,2010,423627422092.49,
Argentina,2011,530158122010.442,
Argentina,2012,545982375701.128,
Argentina,2013,552025140252.246,
Argentina,2014,526319673731.638,
Argentina,2015,594749285413.212,
Argentina,2016,557532320662.955,
Argentina,2017,643628393281.364,
Argentina,2018,524819892360.176,34.2772237131003
Argentina,2019,447754683615.225,53.5483043492339
Argentina,2020,385740508436.965,42.0150947376509
Argentina,2021,486564085480.036,48.4093786255199
Argentina,2022,633993756301.08,72.430757531824
Argentina,2023,649461687959.174,133.488935594175
Argentina,2024,638365455340.04,219.883929014578
Brazil,1960,17030465539.3906,
Brazil,1961,17275940449.3837,
Brazil,1962,19231747851.5332,
Brazil,1963,23287712878.2002,
Brazil,1964,20963733694.9749,
Brazil,1965,22465522884.0988,
Brazil,1966,28283323733.1114,
Brazil,1967,31086389194.961,
Brazil,1968,33930457425.2613,
Brazil,1969,37171640818.5863,
Brazil,1970,42327664793.6934,
Brazil,1971,48869830901.7878,
Brazil,1972,58434858374.8696,
Brazil,1973,83592275862.9982,
Brazil,1974,109794519727.538,
Brazil,1975,129203555238.827,
Brazil,1976,153168949208.207,
Brazil,1977,176344101401.941,
Brazil,1978,200278646123.581,
Brazil,1979,221338204480.222,
Brazil,1980,237393489892.637,
Brazil,1981,258015174748.648,101.725072957927
Brazil,1982,271314113768.417,100.54335919485
Brazil,1983,189656506321.431,135.027682230473
Brazil,1984,188339974086.58,192.121733132051
Brazil,1985,210879844638.877,225.989665211895
Brazil,1986,256480852471.129,147.142826237604
Brazil,1987,283056836893.838,228.336162575513
Brazil,1988,307881930752.268,629.114509120897
Brazil,1989,412990820287.42,1430.7237251472
Brazil,1990,390725626002.866,2947.732772483
Brazil,1991,342609231342.783,432.786661926461
Brazil,1992,328187960871.951,951.962053052818
Brazil,1993,368295778245.09,1927.38079016026
Brazil,1994,525369851353.742,2075.88839757325
Brazil,1995,769333330411.575,66.0070335542481
Brazil,1996,850426433004.077,15.7576656002606
Brazil,1997,883206452795.124,6.92671251629154
Brazil,1998,863711007325.493,3.19507629280052
Brazil,1999,599642075004.471,4.85844749902667
Brazil,2000,655448188259.351,7.04414105947266
Brazil,2001,559983704094.17,6.84035902487523
Brazil,2002,509795270685.19,8.45016437708331
Brazil,2003,558233724164.711,14.7149197228147
Brazil,2004,669289321944.512,6.59718509985963
Brazil,2005,891633826625.407,6.86953720898964
Brazil,2006,1107626711163.23,4.18356812896909
Brazil,2007,1397114247188.89,3.64127299102652
Brazil,2008,1695855391757.96,5.67859390284168
Brazil,2009,1666996294252.12,4.88803479876799
Brazil,2010,2208838108484.35,5.03872690108075
Brazil,2011,2616156606579.21,6.6364496221309
Brazil,2012,2465228293706.86,5.40349914036997
Brazil,2013,2472819362043.74,6.20431066640101
Brazil,2014,2456043766032.38,6.32904015516139
Brazil,2015,1802211999456.42,9.02990102416136
Brazil,2016,1795693265999.04,8.73914352329393
Brazil,2017,2063514688805.78,3.44637335032669
Brazil,2018,1916933708352.71,3.66485028376729
Brazil,2019,1873288158838.63,3.73297621216894
Brazil,2020,1476107292151.95,3.21176803803376
Brazil,2021,1670647464062.96,8.30165975585673
Brazil,2022,1951923832083.87,9.28010608956873
Brazil,2023,2191131869706.02,4.59356282283204
Brazil,2024,2185821648943.86,4.36746407652337
Chile,1960,4211103676.74027,
Chile,1961,4948564550.91046,
Chile,1962,5765971144.47142,
Chile,1963,5702520146.03167,
Chile,1964,6065708668.32735,
Chile,1965,6183988944.34606,
Chile,1966,7256882086.19585,
Chile,1967,7145068067.64138,
Chile,1968,7286820526.02462,
Chile,1969,8456519044.38223,
Chile,1970,9261006540.15907,
Chile,1971,10999807567.1235,20.0522312040536
Chile,1972,12057501634.979,77.7957404755204
Chile,1973,17237336172.7878,352.810986573029
Chile,1974,16584311220.1384,504.738541215978
Chile,1975,7812161793.11971,374.735274232635
Chile,1976,10523479088.8075,211.924302225904
Chile,1977,14272711436.7475,91.9541325565104
Chile,1978,16373093553.7155,40.0872246313854
Chile,1979,22249574627.6911,33.3892190102252
Chile,1980,29586676576.0951,35.1383405330485
Chile,1981,35180322211.2903,19.6868327084319
Chile,1982,19710229067.2864,9.94102693041832
Chile,1983,20629678694.0684,27.2571946726204
Chile,1984,19974595028.1582,19.8602056602626
Chile,1985,17933557359.8036,30.7034989096151
Chile,1986,19197818084.6757,19.4768379232582
Chile,1987,22605488850.8981,19.8808457201905
Chile,1988,26174858613.8456,14.684351250082
Chile,1989,30101767991.1135,17.0279367308962
Chile,1990,33428580448.2715,26.0364811362364
Chile,1991,38232330917.2011,21.7844124277757
Chile,1992,46538895685.8088,15.4258064688928
Chile,1993,49934943320.8828,12.7277669490964
Chile,1994,57438273591.0521,11.4431196444973
Chile,1995,73820425701.6603,8.23263034116114
Chile,1996,78584098983.6374,7.35911781788767
Chile,1997,85741415285.165,6.13386464357927
Chile,1998,81990010704.0602,5.11024954517559
Chile,1999,75578685735.5219,3.33687917526023
Chile,2000,78339750721.364,3.84327295706565
Chile,2001,71574739561.4329,3.56910053001467
Chile,2002,70264045939.2773,2.48939816650705
Chile,2003,76492579644.0605,2.8101787574361
Chile,2004,99075985773.6682,1.05473871403517
Chile,2005,122294145163.192,3.05257621387849
Chile,2006,153843518170.864,3.39201733699405
Chile,2007,172491076033.863,4.40779938398044
Chile,2008,179894594475.405,8.71626873039607
Chile,2009,171777900623.892,0.353045178360937
Chile,2010,217051209238.534,1.41071107954321
Chile,2011,251382573893.87,3.34121694259302
Chile,2012,267024782486.855,3.00744840213047
Chile,2013,277395018842.417,1.7895555398459
Chile,2014,259560978224.359,4.71867527854672
Chile,2015,242450355830.884,4.34877353217044
Chile,2016,249344863928.438,3.78619355893118
Chile,2017,276154259981.097,2.18271846868519
Chile,2018,295857562991.709,2.43488981353057
Chile,2019,278285058719.466,2.55754475703327
Chile,2020,254042159309.311,3.04549084804326
Chile,2021,315325547162.072,4.52456838259144
Chile,2022,301226575540.242,11.643866711056
Chile,2023,335518054097.637,7.58168251407962
Chile,2024,330267137371.592,4.29763891572524
Colombia,1960,4031152976.63904,5.81407628204986
Colombia,1961,4540447761.19403,8.28319045648716
Colombia,1962,4955543963.36869,4.6970939506247
Colombia,1963,4836166666.66667,26.3554355250467
Colombia,1964,5973366666.66667,17.0724352164554
Colombia,1965,5760761904.7619,7.5906836693158
Colombia,1966,5428518518.51852,16.7281682748598
Colombia,1967,5825170438.48704,8.32819136425948
Colombia,1968,5960212869.12968,7.4475387831777
Colombia,1969,6450175213.74923,6.98166307955375
Colombia,1970,7198360460.19887,6.90862275848241
Colombia,1971,7820380970.53674,11.9402616979216
Colombia,1972,8671358732.68486,12.4444589907729
Colombia,1973,10315760000.3394,22.5296486781843
Colombia,1974,12370029583.6419,23.8709573656697
Colombia,1975,13098633901.8673,23.4375025650554
Colombia,1976,15341403660.4698,19.8312249167931
Colombia,1977,19470960619.1297,33.802818357982
Colombia,1978,23263511958.0509,17.7631590853462
Colombia,1979,27940411250.2732,24.1340757440455
Colombia,1980,33400735644.0481,26.5526531495356
Colombia,1981,36388366869.0309,27.4537624347993
Colombia,1982,38968039721.748,24.7209882528585
Colombia,1983,38729822781.5997,19.5973170624765
Colombia,1984,38253120737.9671,16.1616171361426
Colombia,1985,34894411351.983,24.090174368125
Colombia,1986,34942489683.9712,18.8424631612406
Colombia,1987,36373307085.0887,23.302028364018
Colombia,1988,39212550050.4223,28.1083969771704
Colombia,1989,39540080200.3938,25.8675480831988
Colombia,1990,47844090709.9908,29.1520245976215
Colombia,1991,49175565911.0655,30.3878204854436
Colombia,1992,58418985443.3172,27.0106266231361
Colombia,1993,66446804802.5747,22.4424828533275
Colombia,1994,81703500846.0364,22.8462417553045
Colombia,1995,92507279383.0387,20.8917930194849
Colombia,1996,97160109277.8087,20.7975755127402
Colombia,1997,106659508271.255,18.4700217119089
Colombia,1998,98443739941.1664,18.6769799276672
Colombia,1999,86186158684.7685,10.8736870857471
Colombia,2000,99875074951.0278,9.22534818585366
Colombia,2001,98200641203.3892,7.96556090304834
Colombia,2002,97945812802.8882,6.35150728778872
Colombia,2003,94644969157.0987,7.1297886294186
Colombia,2004,117092416666.245,5.90402005546502
Colombia,2005,145600529605.803,5.05101962689696
Colombia,2006,161792958904.864,4.29342363628927
Colombia,2007,206229540926.312,5.54438485815156
Colombia,2008,242504150472.931,6.99688495554511
Colombia,2009,232468663109.595,4.20251661216482
Colombia,2010,286498534094.963,2.27200227892008
Colombia,2011,334966134804.887,3.4150334477625
Colombia,2012,370691143018.039,3.16930188840055
Colombia,2013,382093697077.685,2.01699224310383
Colombia,2014,381240864422.407,2.89883787761738
Colombia,2015,293492370193.166,4.9898311584953
Colombia,2016,282720100286.228,7.51346024627675
Colombia,2017,311866875156.879,4.31431325695011
Colombia,2018,334198218098.276,3.24056932930569
Colombia,2019,323031701192.84,3.52301932741447
Colombia,2020,270348342541.465,2.52663500084706
Colombia,2021,318524633225.395,3.49505757399448
Colombia,2022,345632492851.448,10.1772313546166
Colombia,2023,366291836137.916,11.7359044948689
Colombia,2024,418818154879.271,6.60908593728228
Ecuador,1960,2069464937.19791,1.67659912611285
Ecuador,1961,1753850955.05808,3.98562050634913
Ecuador,1962,1518207703.48997,2.87088531460987
Ecuador,1963,1824343870.71407,5.93950905922402
Ecuador,1964,2244146102.98333,4.03420453764312
Ecuador,1965,2387047395.70254,3.06907066175736
Ecuador,1966,2429308638.838,5.45372692773346
Ecuador,1967,2553595172.08743,3.81813815731002
Ecuador,1968,2582179864.15493,4.31765612971037
Ecuador,1969,3112165727.38342,6.32668144851309
Ecuador,1970,2862503139.00358,5.17127612015708
Ecuador,1971,2754219271.03082,9.52167078004847
Ecuador,1972,3185986087.33583,7.52511790034726
Ecuador,1973,3891754150.23796,12.1281464590342
Ecuador,1974,6599257044.12414,22.7040816226158
Ecuador,1975,7731674472.07212,14.2896742946894
Ecuador,1976,9091921030.17345,10.1746301165654
Ecuador,1977,11026342618.1141,12.9444138723701
Ecuador,1978,11922497876.4828,13.098138583854
Ecuador,1979,14175160902.0721,10.1171908690016
Ecuador,1980,17881508242.4481,11.9092893836134
Ecuador,1981,21810759353.7304,14.0479686718868
Ecuador,1982,19929846396.4239,16.2844880461285
Ecuador,1983,17152477036.5005,48.4182220804492
Ecuador,1984,16912509091.855,31.2195815120372
Ecuador,1985,17149088413.35,27.9936107429224
Ecuador,1986,15314138472.3282,23.0302261142618
Ecuador,1987,13945426859.4657,29.5039972488395
Ecuador,1988,13051881851.4068,58.2162865413938
Ecuador,1989,13890823704.5545,75.6481901026386
Ecuador,1990,15239272611.5809,48.5191129963729
Ecuador,1991,16988535267.6338,48.718080675219
Ecuador,1992,18094238119.0595,54.6078215093597
Ecuador,1993,18938717358.6793,44.9550537592163
Ecuador,1994,22708673336.6683,27.3108817940495
Ecuador,1995,24432884442.2211,22.9341344145802
Ecuador,1996,25226393196.5983,24.4114592150674
Ecuador,1997,28162053026.5133,30.6575675722173
Ecuador,1998,27981896948.4742,36.0984331623886
Ecuador,1999,19645272636.3182,52.2420051858225
Ecuador,2000,17539454727.3637,96.0963756926096
Ecuador,2001,23127055000.0,37.6767454518094
Ecuador,2002,27054197000.0,12.4835980082095
Ecuador,2003,30965208000.0,7.92936487461556
Ecuador,2004,35194947000.0,2.74323198926704
Ecuador,2005,40278849000.0,2.1682770118372
Ecuador,2006,45690762000.0,3.29874846258215
Ecuador,2007,49848725000.0,2.27618478002121
Ecuador,2008,61139438000.0,8.40009593987462
Ecuador,2009,60094978000.0,5.15996829181047
Ecuador,2010,68151329000.0,3.55437734567843
Ecuador,2011,78986648000.0,4.4745326579584
Ecuador,2012,87735048000.0,5.10172180958666
Ecuador,2013,96570334000.0,2.72177577710371
Ecuador,2014,102717794000.0,3.58922016616663
Ecuador,2015,97209558000.0,3.96664623255358
Ecuador,2016,97671433000.0,1.72826463324533
Ecuador,2017,104467486000.0,0.417335588666825
Ecuador,2018,107478961000.0,-0.224103246005552
Ecuador,2019,107595830000.0,0.266012515466155
Ecuador,2020,95865473000.0,-0.338872392562139
Ecuador,2021,107179074000.0,0.133251386096389
Ecuador,2022,116133121000.0,3.46616972213077
Ecuador,2023,121147057000.0,2.21568764237058
Ecuador,2024,124676074700.0,1.54732515615369
Mexico,1960,13040000000.0,4.92751886903116
Mexico,1961,14160000000.0,1.6087596908193
Mexico,1962,15200000000.0,1.19898417815082
Mexico,1963,16960000000.0,0.594055008461965
Mexico,1964,20080000000.0,2.33790317234362
Mexico,1965,21840000000.0,3.56803865742936
Mexico,1966,24320000000.0,4.21578837738435
Mexico,1967,26560000000.0,3.01694847502148
Mexico,1968,29360000000.0,2.33395093467026
Mexico,1969,32480000000.0,3.36700336711678
Mexico,1970,35520000000.0,5.00341205483431
Mexico,1971,39200000000.0,5.46902899376838
Mexico,1972,45200000000.0,4.94369236377875
Mexico,1973,55280000000.0,12.0819394612938
Mexico,1974,72000000000.0,23.7840154425787
Mexico,1975,88000000000.0,14.9445346409267
Mexico,1976,88875923765.072,15.824722489347
Mexico,1977,81912018783.5024,29.0641247103461
Mexico,1978,102648570299.117,17.4572925678265
Mexico,1979,134531900898.926,18.1912462987643
Mexico,1980,205577055465.993,26.3516513562834
Mexico,1981,263797827860.494,27.9337625982399
Mexico,1982,184602611609.517,58.9134198531048
Mexico,1983,156167000432.994,101.874938435992
Mexico,1984,184230754105.394,65.4488071277602
Mexico,1985,195241069482.077,57.7484484008702
Mexico,1986,134556034672.991,86.2333169923538
Mexico,1987,147542558208.888,131.82738392309
Mexico,1988,181611150496.787,114.162258549066
Mexico,1989,221403098266.77,20.0078767139978
Mexico,1990,261253675692.838,26.6516725646771
Mexico,1991,313139656145.745,22.662359455061
Mexico,1992,363157832923.734,15.5078962533573
Mexico,1993,530160763662.543,9.75146045357553
Mexico,1994,553618247900.74,6.96581237191123
Mexico,1995,380157469866.849,34.9992712889592
Mexico,1996,432157945024.428,34.3783832235168
Mexico,1997,523449530464.257,20.6256287259247
Mexico,1998,557461102630.658,15.9283950119353
Mexico,1999,631249359702.389,16.5856169707538
Mexico,2000,742061329749.127,9.49156149435403
Mexico,2001,796064590549.136,6.36773806235037
Mexico,2002,810666116401.915,5.03072733151295
Mexico,2003,765549967703.273,4.54690012118718
Mexico,2004,819459227375.022,4.68840884843143
Mexico,2005,917571853529.104,3.98805714597437
Mexico,2006,1020265057882.01,3.62946762439132
Mexico,2007,1102355554971.95,3.96684905458235
Mexico,2008,1161553459715.1,5.12498274575896
Mexico,2009,943437415024.633,5.29735584228856
Mexico,2010,1105424238731.09,4.15672722680174
Mexico,2011,1229013703416.76,3.40737824605742
Mexico,2012,1255110424817.79,4.11150981070289
Mexico,2013,1327436290282.67,3.80639069747204
Mexico,2014,1364507717614.13,4.01861608078679
Mexico,2015,1213294467716.88,2.72064064964023
Mexico,2016,1112233497452.7,2.8217078474766
Mexico,2017,1190721475906.0,6.04145724018986
Mexico,2018,1256300182879.73,4.89935015356551
Mexico,2019,1304106203902.45,3.63596142127046
Mexico,2020,1121064767308.42,3.39683415570006
Mexico,2021,1316569466685.95,5.68920847683753
Mexico,2022,1466934724293.06,7.8962761916855
Mexico,2023,1798317581486.88,5.52796087314389
Mexico,2024,1856365616165.94,4.72225588452932
Paraguay,1960,288884368.016934,8.18181818181802
Paraguay,1961,322053713.15873,18.4873949579832
Paraguay,1962,360698412.698413,1.41843971631208
Paraguay,1963,383904761.904762,2.09790209790211
Paraguay,1964,408349206.349206,1.36986301369865
Paraguay,1965,443587301.587302,3.8592981578052
Paraguay,1966,465888888.888889,2.87319422160326
Paraguay,1967,492674603.174603,1.36526759221905
Paraguay,1968,517650793.650794,0.708073577854366
Paraguay,1969,556293650.793651,2.24684753574717
Paraguay,1970,594611111.111111,-0.859556021006909
Paraguay,1971,664571428.571429,4.95325693640987
Paraguay,1972,769039682.539683,9.18037497303685
Paraguay,1973,995531746.031746,12.796894532602
Paraguay,1974,1333475396.8254,25.2333177791075
Paraguay,1975,1511420634.92063,6.69306008366748
Paraguay,1976,1698960317.46032,4.47461474664498
Paraguay,1977,2092158730.15873,9.35985291662838
Paraguay,1978,2559857142.85714,10.6602475929181
Paraguay,1979,3416777777.77778,28.1610386024436
Paraguay,1980,4448087301.5873,22.4473301362177
Paraguay,1981,5624515873.01587,12.9746974698193
Paraguay,1982,5419411764.70588,5.12006543713188
Paraguay,1983,5673248726.16438,13.4337555631631
Paraguay,1984,4502462807.13993,20.3114625460255
Paraguay,1985,3282449235.76129,25.2107164358818
Paraguay,1986,3723993942.79088,31.7425972672999
Paraguay,1987,3971044723.8024,21.8102740350983
Paraguay,1988,4255683528.33333,22.5942571785268
Paraguay,1989,4757732199.96213,26.4221267235586
Paraguay,1990,5812114523.01187,37.2599561799201
Paraguay,1991,6984367762.90371,24.2253521126763
Paraguay,1992,7157424031.06045,15.192743764172
Paraguay,1993,7249533620.30614,18.2086614173228
Paraguay,1994,7870982004.8195,20.5661948376355
Paraguay,1995,9062131475.02318,13.4254143646407
Paraguay,1996,9788391780.52421,9.79968339016083
Paraguay,1997,9965225678.05093,6.94956608534118
Paraguay,1998,9260481572.42462,11.5532684355839
Paraguay,1999,8837070235.51892,6.75226586102725
Paraguay,2000,8855705139.55857,8.98215976750022
Paraguay,2001,8495806432.18467,7.26806028584825
Paraguay,2002,7196260656.84556,10.5102420856612
Paraguay,2003,7691367471.17992,14.2367970499143
Paraguay,2004,9624440836.29309,4.32326492967491
Paraguay,2005,10737500188.1123,6.80738203116377
Paraguay,2006,13429430050.261,9.58934941129229
Paraguay,2007,17856393235.4338,8.13047417698577
Paraguay,2008,24615267663.5385,10.1547846489023
Paraguay,2009,22355151162.0031,2.59194673430567
Paraguay,2010,27260886405.2341,4.65116279069765
Paraguay,2011,33756238766.4931,8.2539682539683
Paraguay,2012,33271921136.3071,3.67591897974496
Paraguay,2013,38501122141.4135,2.68385738718582
Paraguay,2014,40377929295.6522,5.02882767456766
Paraguay,2015,36211447840.1027,3.12900274473925
Paraguay,2016,36089700222.9546,4.08682280577241
Paraguay,2017,38997129473.5613,3.60247741348943
Paraguay,2018,40225448340.6341,3.97561015740694
Paraguay,2019,37925338329.156,2.75709727562775
Paraguay,2020,35432178068.1756,1.76751592356698
Paraguay,2021,39950899938.7474,4.787983101236
Paraguay,2022,41952910858.0846,9.76556667164402
Paraguay,2023,43118053174.5461,4.63202285403356
Paraguay,2024,44458118397.4445,3.83540271728533
Peru,1960,2571986572.12719,8.6644591627191
Peru,1961,2897852693.27494,5.91670898836375
Peru,1962,3284322201.27831,6.64109326359749
Peru,1963,3598272493.3109,6.07014388428593
Peru,1964,4353664866.67985,9.79228486663484
Peru,1965,5163008077.37371,16.3899613894424
Peru,1966,6109048736.61853,8.84060374922209
Peru,1967,6194340079.8786,9.78360256063414
Peru,1968,5736083835.29034,19.086618545438
Peru,1969,6420909789.83,6.23615806078061
Peru,1970,7432223176.93623,5.02523590072424
Peru,1971,8289582883.67673,6.79063936495415
Peru,1972,9189413409.28138,7.21972216770545
Peru,1973,10994381895.1161,9.48905109503398
Peru,1974,13858441211.4692,16.8916666665703
Peru,1975,16931162355.4802,23.6187352963326
Peru,1976,16131958850.6444,33.4832756634566
Peru,1977,14544913960.5062,38.0540914196793
Peru,1978,12491876742.9708,57.8487826251505
Peru,1979,15954012439.1662,66.6944229664876
Peru,1980,18136838537.725,59.1450712444914
Peru,1981,21648214892.8828,75.4332687576064
Peru,1982,21794535621.216,64.4481585387929
Peru,1983,17345260564.4824,111.150635209157
Peru,1984,17600400384.5073,110.208519562543
Peru,1985,15078736875.387,163.399505243688
Peru,1986,21859448586.485,77.9210255473595
Peru,1987,36889706592.6843,85.8223062381846
Peru,1988,15439408447.2,667.019328585961
Peru,1989,22499558526.3682,3398.67901005332
Peru,1990,26410386962.8019,7481.66361124526
Peru,1991,34341465998.2003,409.530166622023
Peru,1992,35966302303.263,73.5282942442641
Peru,1993,34832077220.8537,48.5799864468885
Peru,1994,44882079766.8913,23.7369050565046
Peru,1995,53312793687.3836,11.1287029707089
Peru,1996,55252414130.3019,11.5379424115177
Peru,1997,58147522522.5225,8.56218948953653
Peru,1998,55501467877.381,7.24782175213469
Peru,1999,50187324567.883,3.46965996293019
Peru,2000,51744749133.213,3.75733833344474
Peru,2001,52030158775.4055,1.97709878502053
Peru,2002,54777553515.0809,0.193135003853722
Peru,2003,58731030121.8671,2.25937753363072
Peru,2004,66768703497.5687,3.66247320092233
Peru,2005,76060606060.6061,1.61630193862544
Peru,2006,88643193061.748,2.00225801248819
Peru,2007,102170981144.136,1.77998644680372
Peru,2008,120550599815.441,5.78587598206755
Peru,2009,120822986521.479,2.936231535967
Peru,2010,147527631520.729,1.52832059732901
Peru,2011,171761737046.585,3.36931095333853
Peru,2012,192650021648.583,3.61121294940163
Peru,2013,201175543571.392,2.76789666082002
Peru,2014,200786250582.943,3.41194579807465
Peru,2015,189802976285.619,3.39809194746308
Peru,2016,191898104390.379,3.55717663556279
Peru,2017,211007984080.911,2.99490045809443
Peru,2018,222597009739.235,1.50915423024742
Peru,2019,228346006003.648,2.25212191358027
Peru,2020,201409694755.934,2.00241205759292
Peru,2021,226328766459.634,4.27166381536798
Peru,2022,246065570308.155,8.33370630096231
Peru,2023,266958720837.988,6.45561348369586
Peru,2024,289221969062.941,2.00770739412712
United States,1960,541988586206.897,1.45797598627791
United States,1961,561940310344.828,1.07072414764724
United States,1962,603639413793.103,1.19877334820186
United States,1963,637058551724.138,1.23966942148753
United States,1964,684144620689.655,1.27891156462591
United States,1965,741904862068.965,1.58516926383662
United States,1966,813032758620.69,3.0150753768844
United States,1967,859620034482.759,2.77278562259309
United States,1968,940225000000.0,4.27179615288537
United States,1969,1017438172413.79,5.46238620028745
United States,1970,1073303000000.0,5.83825533848251
United States,1971,1164850000000.0,4.29276668813051
United States,1972,1279110000000.0,3.27227824655283
United States,1973,1425376000000.0,6.17776006377038
United States,1974,1545243000000.0,11.0548048048048
United States,1975,1684904000000.0,9.14314686496535
United States,1976,1873412000000.0,5.74481263549085
United States,1977,2081826000000.0,6.5016839947284
United States,1978,2351599000000.0,7.63096383885606
United States,1979,2627333000000.0,11.2544711292795
United States,1980,2857307000000.0,13.5492019749684
United States,1981,3207041000000.0,10.3347153402771
United States,1982,3343789000000.0,6.13142700027493
United States,1983,3634038000000.0,3.21243523316065
United States,1984,4037613000000.0,4.30053547523429
United States,1985,4338979000000.0,3.54564415209365
United States,1986,4579631000000.0,1.89804772234276
United States,1987,4855215000000.0,3.6645632175169
United States,1988,5236438000000.0,4.07774110744413
United States,1989,5641580000000.0,4.82700303008944
United States,1990,5963144000000.0,5.39795643990325
United States,1991,6158129000000.0,4.23496396453849
United States,1992,6520327000000.0,3.02881967814969
United States,1993,6858559000000.0,2.95165696638559
United States,1994,7287236000000.0,2.60744159215453
United States,1995,7639749000000.0,2.80541968853662
United States,1996,8073122000000.0,2.93120419993441
United States,1997,8577554457000.0,2.33768993730735
United States,1998,9062818202000.0,1.55227909874364
United States,1999,9631174489000.0,2.18802719697358
United States,2000,10250947997000.0,3.37685727149929
United States,2001,10581929774000.0,2.82617111885407
United States,2002,10929112955000.0,1.58603162650601
United States,2003,11456442041000.0,2.27009497336115
United States,2004,12217193198000.0,2.67723669309172
United States,2005,13039199193000.0,3.3927468454955
United States,2006,13815586948000.0,3.22594410070404
United States,2007,14474226905000.0,2.85267248150138
United States,2008,14769857911000.0,3.839100296651
United States,2009,14478064934000.0,-0.355546266299747
United States,2010,15048964444000.0,1.6400434423899
United States,2011,15599728123000.0,3.156841568622
United States,2012,16253972230000.0,2.06933726526067
United States,2013,16843190993000.0,1.46483265562717
United States,2014,17550680174000.0,1.62222297740817
United States,2015,18206020741000.0,0.118627135552451
United States,2016,18695110842000.0,1.26158320570536
United States,2017,19477336549000.0,2.13011000365961
United States,2018,20533057312000.0,2.44258329692817
United States,2019,21380976119000.0,1.81221007526021
United States,2020,21060473613000.0,1.23358439630629
United States,2021,23315080560000.0,4.69785886363742
United States,2022,25604848907611.0,8.00279982052121
United States,2023,27292170793214.4,4.11633838374488
United States,2024,28750956130731.2,2.94952520485207
Uruguay,1960,1242289239.20493,38.5040374002647
Uruguay,1961,1547388781.43133,22.747263986796
Uruguay,1962,1710004407.22785,10.9074243811899
Uruguay,1963,1539681490.78174,21.2546957175585
Uruguay,1964,1975701816.46615,42.3694157015186
Uruguay,1965,1890767155.52622,56.5565565566607
Uruguay,1966,1809185093.55188,73.4626932061085
Uruguay,1967,1597713469.09611,89.2752972850379
Uruguay,1968,1593674184.56285,125.336991126492
Uruguay,1969,2004435483.87097,20.9666666659998
Uruguay,1970,2137096774.19355,16.3061449435998
Uruguay,1971,2807258064.51613,23.9530889061731
Uruguay,1972,2189418688.80408,76.4849237828812
Uruguay,1973,3964296443.35254,96.9972653187058
Uruguay,1974,4090209681.97172,77.213413779201
Uruguay,1975,3538278046.96236,81.4053840067419
Uruguay,1976,3667161241.48372,50.623049560462
Uruguay,1977,4114670014.3472,58.1961750215737
Uruguay,1978,4910254565.57831,44.5483436672392
Uruguay,1979,7181182224.11227,66.8442861850437
Uruguay,1980,10163020115.7344,63.4758304314673
Uruguay,1981,11048301420.6301,34.0453358609474
Uruguay,1982,9178780076.99713,18.9925012952182
Uruguay,1983,5102276308.45313,49.1973796505637
Uruguay,1984,4850238549.61832,55.3044235418763
Uruguay,1985,4732017873.38369,72.2225644287756
Uruguay,1986,5880112788.40947,76.3806364119544
Uruguay,1987,7367494080.40014,63.5666624326724
Uruguay,1988,8213538368.84635,62.1919564596004
Uruguay,1989,8438951476.06644,80.4474367280735
Uruguay,1990,9298807850.29979,112.525905573023
Uruguay,1991,11206176650.9075,101.971683202507
Uruguay,1992,12878148790.7348,68.4591938395374
Uruguay,1993,15002136971.1745,54.1007924425194
Uruguay,1994,17474588895.8918,44.7360421521933
Uruguay,1995,19297663096.5506,42.2483197983755
Uruguay,1996,20515458113.5857,28.3420486004309
Uruguay,1997,23969739233.8966,19.8188093183779
Uruguay,1998,25385886977.5228,10.8110703055616
Uruguay,1999,23983945190.6202,5.65868803927908
Uruguay,2000,22823270892.1094,4.76382472733251
Uruguay,2001,20898761742.2386,4.3593406521727
Uruguay,2002,13606515722.5864,13.9724725913515
Uruguay,2003,12045638351.8507,19.3797301743995
Uruguay,2004,13686329890.1191,9.15760507540997
Uruguay,2005,17362857683.8545,4.6992773903564
Uruguay,2006,19741420739.8901,6.39764974385131
Uruguay,2007,23797773024.3992,8.11464561179313
Uruguay,2008,31119602538.8322,7.87707374730888
Uruguay,2009,32708319077.5179,7.06221874388574
Uruguay,2010,41950361211.9581,6.69870886978132
Uruguay,2011,50342406067.0777,8.0928320630299
Uruguay,2012,54232266358.7811,8.09776580573602
Uruguay,2013,61337621933.7857,8.57513504005397
Uruguay,2014,61496186973.902,8.87735333229828
Uruguay,2015,57680327998.6689,8.66626987079328
Uruguay,2016,57480787465.2716,9.6394134763508
Uruguay,2017,65005997963.4822,6.2180938256186
Uruguay,2018,65344577415.7535,7.60653360377047
Uruguay,2019,62222313618.8454,7.88198870879619
Uruguay,2020,53559359261.826,9.75640636078194
Uruguay,2021,60739084240.8633,7.74791402314762
Uruguay,2022,70594110920.0358,9.10437983075437
Uruguay,2023,77991666837.7382,5.86910359896119
Uruguay,2024,80961511073.5797,4.84914366613156
